Current Time,Latitude,Longitude,Time,GPS_Altitude,GPS_Speed,Number of Satellites
2019-05-18 16:10,46.004486,-72.732582,961874,41.700001,0.000000,9
2019-05-18 16:10,46.004486,-72.732582,961874,41.700001,0.000000,9
2019-05-18 16:10,46.004486,-72.732582,961929,41.700001,0.000000,9
2019-05-18 16:10,46.004486,-72.732582,961985,41.700001,0.000000,9
2019-05-18 16:10,46.004486,-72.732582,962040,41.700001,0.000000,9
2019-05-18 16:10,46.004486,-72.732582,962095,41.700001,0.000000,9
2019-05-18 16:10,46.004486,-72.732582,962150,41.700001,0.000000,9
2019-05-18 16:10,46.004486,-72.732582,962205,41.700001,0.000000,9
2019-05-18 16:10,46.004486,-72.732582,962261,41.700001,0.000000,9
2019-05-18 16:10,46.004486,-72.732582,962316,41.700001,0.000000,9
2019-05-18 16:10,46.004486,-72.732582,962371,41.700001,0.000000,9
2019-05-18 16:10,46.004486,-72.732582,962426,41.700001,0.000000,9
2019-05-18 16:10,46.004486,2,962205,41.700001,0.000000,9
2019-05-18 16:10,46.004486,-72.732582,962261,41.700001,0.000000,9
2019-05-18 16:10,46.004486,-72.732582,962316,41.700001,0.000000,9
2019-05-18 16:10,46.004486,-72.732582,962371,41.700001,0.000000,9
2019-05-18 16:10,46.004486,-72.732582,962426,41.700001,0.000000,9
2019-05-18 16:10,46.004486,2,962205,41.700001,0.000000,9
2019-05-18 16:10,46.004486,-72.732582,962261,41.700001,0.000000,9
2019-05-18 16:10,46.004486,-72.732582,962316,41.700001,0.000000,9
2019-05-18 16:10,46.004486,-72.732582,962371,41.700001,0.000000,9
2019-05-18 16:10,46.004486,-72.732582,962426,41.700001,0.000000,9
2019-05-18 16:10,46.004486,-72.732582,962482,41.700001,0.000000,9
2019-05-18 16:10,46.004486,-72.732582,962537,41.700001,0.018520,9
2019-05-18 16:10,46.004486,-72.732582,962592,41.700001,0.018520,9
2019-05-18 16:10,46.004486,-72.732582,962647,41.700001,0.018520,9
2019-05-18 16:10,46.004486,-72.732582,962702,41.700001,0.055560,9
2019-05-18 16:10,46.004486,-72.732582,962537,41.700001,0.018520,9
2019-05-18 16:10,46.004486,-72.732582,962592,41.700001,0.018520,9
2019-05-18 16:10,46.004486,-72.732582,962647,41.700001,0.018520,9
2019-05-18 16:10,46.004486,-72.732582,962702,41.700001,0.055560,9
2019-05-18 16:10,46.004486,-72.732582,962758,41.700001,0.055560,9
2019-05-18 16:10,46.004486,-72.732582,962813,41.700001,0.055560,9
2019-05-18 16:10,46.004486,-72.732582,962868,41.700001,0.055560,9
2019-05-18 16:10,46.004486,-72.732582,962923,41.700001,0.074080,9
2019-05-18 16:10,46.004486,-72.732582,962813,41.700001,0.055560,9
2019-05-18 16:10,46.004486,-72.732582,962868,41.700001,0.055560,9
2019-05-18 16:10,46.004486,-72.732582,962923,41.700001,0.074080,9
2019-05-18 16:10,46.004486,-72.732582,962813,41.700001,0.055560,9
2019-05-18 16:10,46.004486,-72.732582,962868,41.700001,0.055560,9
2019-05-18 16:10,46.004486,-72.732582,962923,41.700001,0.074080,9
2019-05-18 16:10,46.004486,-72.732582,962813,41.700001,0.055560,9
2019-05-18 16:10,46.004486,-72.732582,962868,41.700001,0.055560,9
2019-05-18 16:10,46.004486,-72.732582,962923,41.700001,0.074080,9
2019-05-18 16:10,46.004486,-72.732582,962978,41.700001,0.074080,9
2019-05-18 16:10,46.004486,-72.732582,963034,41.700001,0.074080,9
2019-05-18 16:10,46.004486,-72.732582,963089,41.700001,0.074080,9
2019-05-18 16:10,46.004486,-72.732582,963144,41.700001,0.055560,9
2019-05-18 16:10,46.004486,-72.732582,963199,41.700001,0.055560,9
2019-05-18 16:10,46.004486,-72.732582,963034,41.700001,0.074080,9
2019-05-18 16:10,46.004486,-72.732582,963089,41.700001,0.074080,9
2019-05-18 16:10,46.004486,-72.732582,963144,41.700001,0.055560,9
2019-05-18 16:10,46.004486,-72.732582,963199,41.700001,0.055560,9
2019-05-18 16:10,46.004486,-72.732582,963034,41.700001,0.074080,9
2019-05-18 16:10,46.004486,-72.732582,963089,41.700001,0.074080,9
2019-05-18 16:10,46.004486,-72.732582,963144,41.700001,0.055560,9
2019-05-18 16:10,46.004486,-72.732582,963199,41.700001,0.055560,9
2019-05-18 16:10,46.004486,-72.732582,963254,41.700001,0.055560,9
2019-05-18 16:10,46.004486,-72.732582,963310,41.700001,0.055560,9
2019-05-18 16:10,46.004486,-72.732582,963365,41.700001,0.055560,9
2019-05-18 16:10,46.004486,-72.732582,963420,41.700001,0.055560,9
2019-05-18 16:10,46.004486,-72.732582,963475,41.700001,0.055560,9
2019-05-18 16:10,46.004486,-72.732582,963310,41.700001,0.055560,9
2019-05-18 16:10,46.004486,-72.732582,963365,41.700001,0.055560,9
2019-05-18 16:10,46.004486,-72.732582,963420,41.700001,0.055560,9
2019-05-18 16:10,46.004486,-72.732582,963475,41.700001,0.055560,9
2019-05-18 16:10,46.004486,-72.732582,963310,41.700001,0.055560,9
2019-05-18 16:10,46.004486,-72.732582,963365,41.700001,0.055560,9
2019-05-18 16:10,46.004486,-72.732582,963420,41.700001,0.055560,9
2019-05-18 16:10,46.004486,-72.732582,963475,41.700001,0.055560,9
2019-05-18 16:10,46.004486,-72.732582,963531,41.700001,0.037040,9
2019-05-18 16:10,46.004486,-72.732582,963586,41.700001,0.037040,9
2019-05-18 16:10,46.004486,-72.732582,963641,41.700001,0.037040,9
2019-05-18 16:10,46.004486,-72.732582,963696,41.700001,0.037040,9
2019-05-18 16:10,46.004486,-72.732582,963751,41.700001,0.037040,9
2019-05-18 16:10,46.004486,-72.732582,963807,41.700001,0.037040,9
2019-05-18 16:10,46.004486,-72.732582,963862,41.700001,0.037040,9
2019-05-18 16:10,46.004486,-72.732582,963917,41.700001,0.037040,9
2019-05-18 16:10,46.004486,-72.732582,963972,41.700001,0.037040,9
2019-05-18 16:10,46.004486,-72.732582,964027,41.700001,0.037040,9
2019-05-18 16:10,46.004486,-72.732582,963862,41.700001,0.037040,9
2019-05-18 16:10,46.004486,-72.732582,963917,41.700001,0.037040,9
2019-05-18 16:10,46.004486,-72.732582,963972,41.700001,0.037040,9
2019-05-18 16:10,46.004486,-72.732582,964027,41.700001,0.037040,9
2019-05-18 16:10,46.004486,-72.732582,964083,41.700001,0.037040,9
2019-05-18 16:10,46.004486,-72.732582,964138,41.700001,0.037040,9
2019-05-18 16:10,46.004486,-72.732582,964193,41.700001,0.037040,9
2019-05-18 16:10,46.004486,-72.732582,964248,41.700001,0.037040,9
2019-05-18 16:10,46.004486,-72.732582,964303,41.700001,0.055560,9
2019-05-18 16:10,46.004486,-72.732582,964359,41.700001,0.055560,9
2019-05-18 16:10,46.004486,-72.732582,964414,41.700001,0.055560,9
2019-05-18 16:10,46.004486,-72.732582,964485,41.700001,0.055560,9
2019-05-18 16:10,46.004486,-72.732582,964524,41.700001,0.055560,9
2019-05-18 16:10,46.004486,-72.732582,964579,41.700001,0.055560,9
2019-05-18 16:10,46.004486,-72.732582,964635,41.700001,0.055560,9
2019-05-18 16:10,46.004486,-72.732582,964690,41.700001,0.055560,9
2019-05-18 16:10,46.004486,-72.732582,964745,41.700001,0.092600,9
2019-05-18 16:10,46.004486,-72.732582,964800,41.700001,0.092600,9
2019-05-18 16:10,46.004486,-72.732582,964635,41.700001,0.055560,9
2019-05-18 16:10,46.004486,-72.732582,964690,41.700001,0.055560,9
2019-05-18 16:10,46.004486,-72.732582,964745,41.700001,0.092600,9
2019-05-18 16:10,46.004486,-72.732582,964800,41.700001,0.092600,9
2019-05-18 16:10,46.004486,-72.732582,966070,41.700001,0.166680,9
2019-05-18 16:10,46.004486,-72.732582,966125,41.700001,0.166680,9
2019-05-18 16:10,46.004486,-72.732582,966181,41.700001,0.166680,9
2019-05-18 16:10,46.004486,-72.732582,966236,41.700001,0.166680,9
2019-05-18 16:10,6,-72.732582,966015,41.700001,0.166680,9
2019-05-18 16:10,46.004486,-72.732582,966070,41.700001,0.166680,9
2019-05-18 16:10,46.004486,-72.732582,966125,41.700001,0.166680,9
2019-05-18 16:10,46.004486,-72.732582,966181,41.700001,0.166680,9
2019-05-18 16:10,46.004486,-72.732582,966236,41.700001,0.166680,9
2019-05-18 16:10,46.004486,-72.732582,967395,41.700001,0.166680,8
2019-05-18 16:10,46.004486,-72.732582,967450,41.700001,0.166680,8
2019-05-18 16:10,46.004486,-72.732582,967506,41.700001,0.166680,8
2019-05-18 16:10,46.004486,-72.732582,967561,41.700001,0.166680,8
2019-05-18 16:10,46.004486,-72.732582,967450,41.700001,0.166680,8
2019-05-18 16:10,46.004486,-72.732582,967506,41.700001,0.166680,8
2019-05-18 16:10,46.004486,-72.732582,967561,41.700001,0.166680,8
2019-05-18 16:10,46.004486,-72.732582,967450,41.700001,0.166680,8
2019-05-18 16:10,46.004486,-72.732582,967506,41.700001,0.166680,8
2019-05-18 16:10,46.004486,-72.732582,967561,41.700001,0.166680,8
2019-05-18 16:10,46.004490,-72.732582,967726,41.700001,0.166680,8
2019-05-18 16:10,46.004490,-72.732582,967782,41.700001,0.166680,8
2019-05-18 16:10,46.004490,-72.732582,967837,41.700001,0.166680,8
2019-05-18 16:10,46.004490,-72.732582,967726,41.700001,0.166680,8
2019-05-18 16:10,46.004490,-72.732582,967782,41.700001,0.166680,8
2019-05-18 16:10,46.004490,-72.732582,967837,41.700001,0.166680,8
2019-05-18 16:10,46.004490,-72.732582,969107,41.700001,0.166680,9
2019-05-18 16:10,46.004490,-72.732582,969162,41.700001,0.166680,9
2019-05-18 16:10,46.004490,-72.732582,969217,41.700001,0.166680,9
2019-05-18 16:10,46.004490,-72.732582,970432,41.700001,0.166680,9
2019-05-18 16:10,46.004490,-72.732582,970487,41.700001,0.166680,9
2019-05-18 16:10,46.004490,-72.732582,970542,41.700001,0.166680,9
2019-05-18 16:10,46.004490,-72.732582,970432,41.700001,0.166680,9
2019-05-18 16:10,46.004490,-72.732582,970487,41.700001,0.166680,9
2019-05-18 16:10,46.004490,-72.732582,970542,41.700001,0.166680,9
2019-05-18 16:10,46.004490,-72.732582,970597,41.700001,0.166680,6
2019-05-18 16:10,46.004490,-72.732582,971812,41.700001,0.166680,6
2019-05-18 16:10,46.004490,-72.732582,971867,41.700001,0.166680,6
2019-05-18 16:10,46.004490,-72.732582,971922,41.700001,0.166680,6
2019-05-18 16:10,46.004490,-72.732582,971977,41.700001,0.166680,6
2019-05-18 16:10,46.004490,-72.732582,971812,41.700001,0.166680,6
2019-05-18 16:10,46.004490,-72.732582,971867,41.700001,0.166680,6
2019-05-18 16:10,46.004490,-72.732582,971922,41.700001,0.166680,6
2019-05-18 16:10,46.004490,-72.732582,971977,41.700001,0.166680,6
2019-05-18 16:10,46.004490,-72.732582,972033,41.70001,0.185200,6
2019-05-18 16:10,46.004490,-72.732582,973192,41.700001,0.185200,6
2019-05-18 16:10,46.004490,-72.732582,973247,41.700001,0.185200,6
2019-05-18 16:10,46.004490,-72.732582,973302,41.700001,0.185200,6
2019-05-18 16:10,46.004490,-72.732582,973358,41.700001,0.185200,6
2019-05-18 16:10,46.004490,-72.732582,973192,41.700001,0.185200,6
2019-05-18 16:10,46.004490,-72.732582,973247,41.700001,0.185200,6
2019-05-18 16:10,46.004490,-72.732582,973302,41.700001,0.185200,6
2019-05-18 16:10,46.004490,-72.732582,973358,41.700001,0.185200,6
2019-05-18 16:10,46.004490,-72.732582,973192,41.700001,0.185200,6
2019-05-18 16:10,46.004490,-72.732582,973247,41.700001,0.185200,6
2019-05-18 16:10,46.004490,-72.732582,973302,41.700001,0.185200,6
2019-05-18 16:10,46.004490,-72.732582,973358,41.700001,0.185200,6
2019-05-18 16:10,46.004494,-72.732582,974627,41.700001,0.333360,3
2019-05-18 16:10,46.004494,-72.732582,974683,41.700001,0.333360,3
2019-05-18 16:10,46.004494,-72.732582,974738,41.700001,0.425960,3
2019-05-18 16:10,46.004494,-72.732582,974793,41.700001,0.425960,3
2019-05-18 16:10,46.004498,-72.732582,976063,41.799999,0.666720,3
2019-05-18 16:10,46.004505,-72.732582,976118,41.799999,0.722280,3
2019-05-18 16:10,46.004505,-72.732582,976173,41.799999,0.722280,3
2019-05-18 16:10,46.004505,-72.732582,976228,41.799999,0.722280,3
2019-05-18 16:10,46.004505,-72.732582,976284,41.799999,0.722280,3
2019-05-18 16:10,46.004505,-72.732582,976118,41.799999,0.722280,3
2019-05-18 16:10,46.004505,-72.732582,976173,41.799999,0.722280,3
2019-05-18 16:10,46.004505,-72.732582,976228,41.799999,0.722280,3
2019-05-18 16:10,46.004505,-72.732582,976284,41.799999,0.722280,3
2019-05-18 16:10,46.004505,.732574,977388,41.799999,0.907480,1
2019-05-18 16:10,46.004520,-72.732574,977443,41.799999,0.907480,1
2019-05-18 16:10,46.004520,-72.732574,977498,41.799999,0.907480,1
2019-05-18 16:10,46.004520,-72.732574,977553,41.799999,0.907480,1
2019-05-18 16:10,46.004520,-72.732574,977609,41.799999,0.907480,1
2019-05-18 16:10,46.004520,-72.732574,978288,41.799999,0.907480,1
2019-05-18 16:10,46.004520,-72.732574,978326,41.799999,0.907480,1
2019-05-18 16:10,46.004520,-72.732574,978382,41.799999,0.907480,1
2019-05-18 16:10,46.004520,-72.732574,978437,41.799999,0.907480,1
2019-05-18 16:10,46.004520,-72.732574,979707,41.799999,0.907480,2
2019-05-18 16:10,46.004520,-72.732574,979762,41.799999,0.907480,2
2019-05-18 16:10,46.004520,-72.732574,979817,41.799999,0.907480,2
2019-05-18 16:10,46.004520,-72.732574,979872,41.799999,0.907480,2
2019-05-18 16:10,46.004520,-72.732574,979927,41.799,0.907480,5
2019-05-18 16:10,46.004520,-72.732574,981087,41.799999,0.907480,5
2019-05-18 16:10,46.004520,-72.732574,981142,41.799999,0.907480,5
2019-05-18 16:10,46.004520,-72.732574,981197,41.799999,0.907480,5
2019-05-18 16:10,46.012722,-72.735313,981252,778.500000,0.907480,5
2019-05-18 16:10,46.012722,-72.735313,98130,1309.199951,86.525436,8
2019-05-18 16:10,46.008923,-72.736252,982527,1309.199951,16.834681,8
2019-05-18 16:10,46.008923,-72.736252,982586,1309.199951,16.834681,8
2019-05-18 16:10,46.008923,-72.736252,982644,1309.199951,16.834681,8
2019-05-18 16:10,46.008881,-72.736290,982702,1322.000000,16.834681,8
2019-05-18 16:10,46.008923,-72.736252,982527,1309.199951,16.834681,8
2019-05-18 16:10,46.008923,-72.736252,982586,1309.199951,16.834681,8
2019-05-18 16:10,46.008923,-72.736252,982644,1309.199951,16.834681,8
2019-05-18 16:10,46.008881,-72.736290,982702,1322.000000,16.834681,8
2019-05-18 16:10,46.8,-72.736382,983694,1365.300049,57.523121,9
2019-05-18 16:10,46.008678,-72.736382,983752,1365.300049,57.189762,9
2019-05-18 16:10,46.008678,-72.736382,983811,1365.300049,57.189762,9
2019-05-18 16:10,46.008678,-72.736382,983869,1369.099976,57.189762,9
2019-05-18 16:10,46.008640,-72.736366,984919,1372.400024,45.262882,9
2019-05-18 16:10,46.008640,-72.736366,984977,1372.400024,42.596001,9
2019-05-18 16:10,46.008640,-72.736366,985036,1372.400024,42.596001,9
2019-05-18 16:10,46.008640,-72.736366,984919,1372.400024,45.262882,9
2019-05-18 16:10,46.008640,-72.736366,984977,1372.400024,42.596001,9
2019-05-18 16:10,46.008640,-72.736366,985036,1372.400024,42.596001,9
2019-05-18 16:10,46.008629,-72.736359,985094,1372.500000,42.596001,9
2019-05-18 16:10,46.008629,-72.736359,985152,1372.500000,44.188721,9
2019-05-18 16:10,46.008629,-72.736359,985211,1372.500000,44.188721,9
2019-05-18 16:10,46.008621,-72.736359,985269,1372.199951,44.188721,9
2019-05-18 16:10,46.008621,-72.736359,985327,1372.199951,27.039200,9
2019-05-18 16:10,46.008640,-72.736382,985911,1365.199951,40.781040,9
2019-05-18 16:10,46.008640,-72.736382,985969,1365.199951,39.262402,9
2019-05-18 16:10,46.008640,-72.736382,986027,1365.199951,39.262402,9
2019-05-18 16:10,46.008652,-72.736397,986086,1362.500000,39.262402,9
2019-05-18 16:10,46.008671,-72.736412,986727,1351.099976,35.632481,9
2019-05-18 16:10,46.008671,-72.736412,986786,1351.099976,35.502838,9
2019-05-18 16:10,46.008671,-72.736412,986861,1351.099976,35.502838,9
2019-05-18 16:10,46.008671,-72.736412,986902,1351.099976,35.502838,9
2019-05-18 16:10,46.008671,-72.736412,986,1335.500000,42.855278,9
2019-05-18 16:10,46.008610,-72.736382,988127,1335.500000,42.855278,9
2019-05-18 16:10,46.008610,-72.736382,988186,1335.500000,44.299839,9
2019-05-18 16:10,46.008610,-72.736382,988244,1335.500000,44.299839,9
2019-05-18 16:10,46.008598,-72.736374,988302,1332.699951,44.299839,9
2019-05-18 16:10,46.008610,-72.736382,988127,1335.500000,42.855278,9
2019-05-18 16:10,46.008610,-72.736382,988186,1335.500000,44.299839,9
2019-05-18 16:10,46.008610,-72.736382,988244,1335.500000,44.299839,9
2019-05-18 16:10,46.008598,-72.736374,988302,1332.699951,44.299839,9
2019-05-18 16:10,46.008453,-72.736092,992306,1258.199951,66.579399,9
2019-05-18 16:10,46.008453,-72.736092,992365,1258.199951,68.023956,9
2019-05-18 16:11,46.008453,-72.736092,992306,1258.199951,66.579399,9
2019-05-18 16:11,46.008453,-72.736092,992365,1258.199951,68.023956,9
2019-05-18 16:11,46.008423,-72.736015,993006,1250.500000,69.412956,9
2019-05-18 16:11,46.008427,-72.736008,993065,1245.400024,69.412956,9
2019-05-18 16:11,46.008427,-72.736008,993123,1245.400024,69.412956,9
2019-05-18 16:11,46.008423,-72.736015,993006,1250.500000,69.412956,9
2019-05-18 16:11,46.008427,-72.736008,993065,1245.400024,69.412956,9
2019-05-18 16:11,46.008427,-72.736008,993123,1245.400024,69.412956,9
2019-05-18 16:11,46.008423,-72.736015,993006,1250.500000,69.412956,9
2019-05-18 16:11,46.008427,-72.736008,993065,1245.400024,69.412956,9
2019-05-18 16:11,46.008427,-72.736008,993123,1245.400024,69.412956,9
2019-05-18 16:11,46.008430,-72.735970,993823,1231.099976,70.801956,9
2019-05-18 16:11,46.008423,-72.735947,993881,1228.099976,70.801956,9
2019-05-18 16:11,46.008423,-72.735947,993940,1228.099976,70.727882,9
2019-05-18 16:11,46.008423,-72.735947,993998,1228.099976,70.727882,9
2019-05-18 16:11,46.008430,-72.735970,993823,1231.099976,70.801956,9
2019-05-18 16:11,46.008423,-72.735947,993881,1228.099976,70.801956,9
2019-05-18 16:11,46.008423,-72.735947,993940,1228.099976,70.727882,9
2019-05-18 16:11,46.008423,-72.735947,993998,1228.099976,70.727882,9
2019-05-18 16:11,46.008404,-72.735870,995281,1201.199951,70.431557,9
2019-05-18 16:11,46.008404,-72.735870,995340,1201.199951,69.579636,9
2019-05-18 16:11,46.008404,-72.735870,995398,1201.199951,69.579636,9
2019-05-18 16:11,46.008408,-72.735863,995456,1196.699951,69.579636,9
2019-05-18 16:11,46.008354,-72.735825,996623,1183.099976,58.949162,9
2019-05-18 16:11,46.008350,-72.735817,996681,1179.900024,58.949162,9
2019-05-18 16:11,46.008350,-72.735817,996740,1179.900024,57.523121,9
2019-05-18 16:11,46.008350,-72.735817,996798,1179.900024,57.523121,9
2019-05-18 16:11,46.008343,-72.735809,996915,1176.800049,57.523121,9
2019-05-18 16:11,46.008343,-72.735809,996973,1176.800049,55.726681,9
2019-05-18 16:11,46.008343,-72.735809,997031,1176.800049,55.726681,9
2019-05-18 16:11,46.008324,-72.735786,997090,1175.500000,55.726681,9
2019-05-18 16:11,46.008339,-72.735748,998431,1152.000000,50.522560,9
2019-05-18 16:11,46.008358,-72.735748,998490,1146.000000,50.522560,9
2019-05-18 16:11,46.008358,-72.735748,998565,1146.000000,49.855839,9
2019-05-18 16:11,46.008278,-72.735237,1002084,1101.400024,63.227280,9
2019-05-18 16:11,46.008369,-72.735161,1003272,1078.599976,52.633839,9
2019-05-18 16:11,46.008369,-72.735161,1003331,1078.599976,51.541161,9
2019-05-18 16:11,46.008369,-72.735161,1003391,1078.599976,51.541161,9
2019-05-18 16:11,46.008369,-72.735161,1003450,1078.599976,51.541161,9
2019-05-18 16:11,46.008442,-72.735023,1004816,1062.099976,49.281719,9
2019-05-18 16:11,46.008450,-72.735001,1004875,1060.300049,49.281719,9
2019-05-18 16:11,46.008450,-72.735001,1004934,1060.300049,49.837318,9
2019-05-18 16:11,46.008450,-72.735001,1004994,1060.300049,49.837318,9
2019-05-18 16:11,46.008450,-72.734970,1005112,1058.800049,49.837318,9
2019-05-18 16:11,46.008450,-72.734970,1005172,1058.800049,50.300323,9
2019-05-18 16:11,46.008450,-72.734970,1005231,1058.800049,50.300323,9
2019-05-18 16:11,46.008385,-72.734856,1005647,1065.300049,52.115280,9
2019-05-18 16:11,46.008385,-72.734825,1005706,1063.500000,52.115280,9
2019-05-18 16:11,46.008385,-72.734825,1005766,1063.500000,52.467159,9
2019-05-18 16:11,46.008492,-72.734688,1006894,1051.599976,47.040802,9
2019-05-18 16:11,46.008492,-72.734688,1006953,1051.599976,44.725800,9
2019-05-18 16:11,46.008492,-72.734688,1007012,1051.599976,44.725800,9
2019-05-18 16:11,46.008503,-72.734665,1007072,1048.400024,44.725800,9
2019-05-18 16:11,46.008492,-72.734688,1006894,1051.599976,47.040802,9
2019-05-18 16:11,46.008492,-72.734688,1006953,1051.599976,44.725800,9
2019-05-18 16:11,46.008492,-72.734688,1007012,1051.599976,44.725800,9
2019-05-18 16:11,46.008503,-72.734665,1007072,1048.400024,44.725800,9
2019-05-18 16:11,46.008583,-72.734589,1008259,1030.199951,35.354679,9
2019-05-18 16:11,46.008583,-72.734589,1008319,1030.199951,35.354679,9
2019-05-18 16:11,46.008583,-72.734589,1008378,1030.199951,34.687958,9
2019-05-18 16:11,46.008583,-72.734589,1008437,1030.199951,34.687958,9
2019-05-18 16:11,46.008759,-72.734558,1009684,1006.900024,24.261202,9
2019-05-18 16:11,46.008759,-72.734558,1009744,1006.900024,21.575800,9
2019-05-18 16:11,46.008759,-72.734558,1009803,1006.900024,21.575800,9
2019-05-18 16:11,46.008774,-72.734558,1009862,1003.799988,21.575800,9
2019-05-18 16:11,46.008774,-72.734558,1009981,1003.799988,19.946039,9
2019-05-18 16:11,46.008774,-72.734558,1010041,1003.799988,19.946039,9
2019-05-18 16:11,46.008793,-72.734543,1010100,1000.500000,19.946039,9
2019-05-18 16:11,46.008774,-72.734558,1009981,1003.799988,19.946039,9
2019-05-18 16:11,46.008774,-72.734558,1010041,1003.799988,19.946039,9
2019-05-18 16:11,46.008793,-72.734543,1010100,1000.500000,19.946039,9
2019-05-18 16:11,46.008858,-72.734863,1010511,980.500000,19.427481,9
2019-05-18 16:11,46.008858,-72.734863,1010570,980.500000,16.853199,9
2019-05-18 16:11,46.008858,-72.734863,1010628,980.500000,16.853199,9
2019-05-18 16:11,46.008858,-72.734863,1010511,980.500000,19.427481,9
2019-05-18 16:11,46.008858,-72.734863,1010570,980.500000,16.853199,9
2019-05-18 16:11,46.008858,-72.734863,1010628,980.500000,16.853199,9
2019-05-18 16:11,46.009193,-72.734749,1011911,968.500000,31.854399,7
2019-05-18 16:11,46.009193,-72.734749,1011970,968.500000,30.057959,7
2019-05-18 16:11,46.009193,-72.734749,1012028,968.500000,30.057959,7
2019-05-18 16:11,46.009247,-72.734756,1012086,968.200012,30.057959,9
2019-05-18 16:11,46.009247,-72.734756,1012203,968.200012,27.483679,9
2019-05-18 16:11,46.009243,-72.734764,1012261,969.000000,27.483679,9
2019-05-18 16:11,46.009243,-72.734764,1012320,969.000000,27.483679,9
2019-05-18 16:11,46.009243,-72.734764,1012378,969.000000,27.372561,9
2019-05-18 16:11,46.009285,-72.734749,1012495,967.599976,27.372561,9
2019-05-18 16:11,46.009285,-72.734749,1012553,967.599976,27.502199,9
2019-05-18 16:11,46.009285,-72.734749,1012611,967.599976,27.502199,9
2019-05-18 16:11,46.009285,-72.734749,1012495,967.599976,27.372561,9
2019-05-18 16:11,46.009285,-72.734749,1012553,967.599976,27.502199,9
2019-05-18 16:11,46.009285,-72.734749,1012611,967.599976,27.502199,9
2019-05-18 16:11,46.009476,-72.734695,1013836,959.900024,25.779839,9
2019-05-18 16:11,46.009495,-72.734688,1013895,958.900024,25.779839,9
2019-05-18 16:11,46.009495,-72.734688,1013953,958.900024,25.446480,9
2019-05-18 16:11,46.009495,-72.734688,1014011,958.900024,25.446480,9
2019-05-18 16:11,46.009579,-72.734657,1015178,945.400024,31.669199,8
2019-05-18 16:11,46.009579,-72.734657,1015236,945.400024,31.669199,8
2019-05-18 16:11,46.009602,-72.734642,1015295,943.400024,31.669199,8
2019-05-18 16:11,46.009602,-72.734642,1015353,943.400024,33.743439,8
2019-05-18 16:11,46.009602,-72.734642,10154116578,927.299988,37.725239,8
2019-05-18 16:11,46.009628,-72.734505,1016636,927.299988,37.725239,8
2019-05-18 16:11,46.009666,-72.734482,1016695,922.400024,37.725239,8
2019-05-18 16:11,46.009666,-72.734482,1016753,922.400024,35.632481,8
2019-05-18 16:11,46.009666,-72.734482,1016811,922.400024,35.632481,8
2019-05-18 16:11,46.009693,-72.734467,1016928,917.400024,31.872919,9
2019-05-18 16:11,46.009693,-72.734467,1016986,917.400024,31.872919,9
2019-05-18 16:11,46.009693,-72.734467,1017045,917.400024,31.872919,9
2019-05-18 16:11,46.009655,-72.734467,1017103,914.799988,31.872919,9
2019-05-18 16:11,46.009655,-72.734467,1017161,914.799988,30.020920,9
2019-05-18 16:11,46.009655,-72.734467,1017220,914.799988,30.020920,9
2019-05-18 16:11,46.009682,-72.734459,1017278,912.500000,30.020920,9
2019-05-18 16:11,46.009682,-72.734459,1017336,912.500000,28.150400,9
2019-05-18 16:11,46.009804,-72.734352,1017978,913.900024,23.187040,9
2019-05-18 16:11,46.009804,-72.734352,1018036,913.900024,23.187040,9
2019-05-18 16:11,46.009789,-72.734299,1018095,896.900024,23.187040,9
2019-05-18 16:11,46.010262,-72.734047,1019164,824.700012,19.742321,9
2019-05-18 16:11,46.010262,-72.734047,1019203,824.700012,19.742321,9
2019-05-18 16:11,46.010334,-72.733986,1019261,816.599976,19.742321,9
2019-05-18 16:11,46.010334,-72.733986,1019320,816.599976,19.742321,9
2019-05-18 16:11,46.010334,-72.733986,1019378,8500000,31.187681,9
2019-05-18 16:11,46.010433,-72.734154,1020545,813.500000,31.946999,9
2019-05-18 16:11,46.010433,-72.734154,1020603,813.500000,31.946999,9
2019-05-18 16:11,46.010494,-72.734177,1020661,807.000000,31.946999,9
2019-05-18 16:11,46.010494,-72.734177,1020720,807.000000,31.946999,9
2019-05-18 16:11,46.010494010620,-72.734032,1021945,784.000000,51.559677,8
2019-05-18 16:11,46.010620,-72.734032,1022003,784.000000,51.559677,8
2019-05-18 16:11,46.010651,-72.734016,1022085,782.599976,51.559677,8
2019-05-18 16:11,46.010651,-72.734016,1022120,782.599976,51.559677,8
2019-05-18 16:11,46.010723,-72.733948,1022528,774.000000,53.152401,8
2019-05-18 16:11,46.010723,-72.733948,1022586,774.000000,53.152401,8
2019-05-18 16:11,46.010723,-72.733948,1022645,774.000000,53.152401,8
2019-05-18 16:11,46.010738,-72.733910,1022703,771.900024,53.152401,8
2019-05-18 16:11,46.010738,-72.733910,1022820,771.900024,53.596878,8
2019-05-18 16:11,46.010792,-72.733864,1022878,766.000000,53.596878,8
2019-05-18 16:11,46.010792,-72.733864,1022936,766.000000,56.078560,8
2019-05-18 16:11,46.010792,-72.733864,1022995,766.000000,56.078560,8
2019-05-18 16:11,46.010738,-72.733910,1022820,771.900024,53.596878,8
2019-05-18 16:11,46.010792,-72.733864,1022878,766.000000,53.596878,8
2019-05-18 16:11,46.010792,-72.733864,1022936,766.000000,56.078560,8
2019-05-18 16:11,46.010792,-72.733864,1022995,766.000000,56.078560,8
2019-05-18 16:11,46.010738,-72.733910,1022820,771.900024,53.596878,8
2019-05-18 16:11,46.010792,-72.733864,1022878,766.000000,53.596878,8
2019-05-18 16:11,46.010792,-72.733864,1022936,766.000000,56.078560,8
2019-05-18 16:11,46.010792,-72.733864,1022995,766.000000,56.078560,8
2019-05-18 16:11,46.010960,-72.733727,1024220,746.099976,54.745121,8
2019-05-18 16:11,46.010979,-72.733704,1024278,744.099976,54.745121,8
2019-05-18 16:11,46.010979,-72.733704,1024336,744.099976,54.800678,8
2019-05-18 16:11,46.010979,-72.733704,1024395,744.099976,54.800678,8
2019-05-18 16:11,46.010960,-72.733727,1024220,746.099976,54.745121,8
2019-05-18 16:11,46.010979,-72.733704,1024278,744.099976,54.745121,8
2019-05-18 16:11,46.010979,-72.733704,1024336,744.099976,54.800678,8
2019-05-18 16:11,46.010979,-72.733704,1024395,744.099976,54.800678,8
2019-05-18 16:11,46.011028,-72.733643,1024803,737.599976,55.393322,8
2019-05-18 16:11,46.011040,-72.733612,1024861,735.299988,55.393322,8
2019-05-18 16:11,46.011040,-72.733612,1024920,735.299988,55.393322,8
2019-05-18 16:11,46.011028,-72.733643,1024803,737.599976,55.393322,8
2019-05-18 16:11,46.011040,-72.733612,1024861,735.299988,55.393322,8
2019-05-18 16:11,46.011040,-72.733612,1024920,735.299988,55.393322,8
2019-05-18 16:11,46.011028,-72.733643,1024803,737.599976,55.393322,8
2019-05-18 16:11,46.011040,-72.733612,1024861,735.299988,55.393322,8
2019-05-18 16:11,46.011040,-72.733612,1024920,735.299988,55.393322,8
2019-05-18 16:11,46.011040,-72.733612,1024994,735.299988,55.634083,8
2019-05-18 16:11,46.011040,-72.733612,1025036,735.299988,55.634083,8
2019-05-18 16:11,46.011055,-72.733574,1025095,735.200012,55.634083,8
2019-05-18 16:11,46.011055,-72.733574,1025153,735.200012,55.819283,8
2019-05-18 16:11,46.011055,-72.733574,1025211,735.200012,55.819283,8
2019-05-18 16:11,46.011040,-72.733612,1025036,735.299988,55.634083,8
2019-05-18 16:11,46.011055,-72.733574,1025095,735.200012,55.634083,8
2019-05-18 16:11,46.011055,-72.733574,1025153,735.200012,55.819283,8
2019-05-18 16:11,46.011055,-72.733574,1025211,735.200012,55.819283,8
2019-05-18 16:11,46.011070,-72.733543,1025270,732.599976,55.819283,8
2019-05-18 16:11,46.011070,-72.733543,1025328,732.599976,55.985962,8
2019-05-18 16:11,46.011070,-72.733543,1025386,732.599976,55.985962,8
2019-05-18 16:11,46.011070,-72.733543,1025445,732.599976,55.985962,8
2019-05-18 16:11,46.011242,-72.733330,1026728,716.500000,56.856400,8
2019-05-18 16:11,46.011242,-72.733330,1026786,716.500000,56.856400,8
2019-05-18 16:11,46.011242,-72.733330,1026845,716.500000,56.856400,8
2019-05-18 16:11,46.011292,-72.733307,1026903,714.700012,56.856400,8
2019-05-18 16:11,46.011242,-72.733330,1026728,716.500000,56.856400,8
2019-05-18 16:11,46.011242,-72.733330,1026786,716.500000,56.856400,8
2019-05-18 16:11,46.011242,-72.733330,1026845,716.500000,56.856400,8
2019-05-18 16:11,46.011292,-72.733307,1026903,714.700012,56.856400,8
2019-05-18 16:11,46.011292,-72.733307,1027020,714.700012,57.430519,8
2019-05-18 16:11,46.011318,-72.733284,1027078,712.299988,57.430519,8
2019-05-18 16:11,46.011318,-72.733284,1027136,712.299988,58.097240,8
2019-05-18 16:11,46.011318,-72.733284,1027195,712.299988,58.097240,8
2019-05-18 16:11,46.011292,-72.733307,1027020,714.700012,57.430519,8
2019-05-18 16:11,46.011318,-72.733284,1027078,712.299988,57.430519,8
2019-05-18 16:11,46.011318,-72.733284,1027136,712.299988,58.097240,8
2019-05-18 16:11,46.011318,-72.733284,1027195,712.299988,58.097240,8
2019-05-18 16:11,46.011292,-72.733307,1027020,714.700012,57.430519,8
2019-05-18 16:11,46.011318,-72.733284,1027078,712.299988,57.430519,8
2019-05-18 16:11,46.011318,-72.733284,1027136,712.299988,58.097240,8
2019-05-18 16:11,46.011318,-72.733284,1027195,712.299988,58.097240,8
2019-05-18 16:11,46.011318,-72.733284,1027253,712.299988,58.097240,8
2019-05-18 16:11,46.011395,-72.733116,1027311,688.599976,58.097240,8
2019-05-18 16:11,46.011395,-72.733116,1027370,688.599976,54.393242,8
2019-05-18 16:11,46.011395,-72.733116,1027428,688.599976,54.393242,8
2019-05-18 16:11,46.011395,-72.733116,1027311,688.599976,58.097240,8
2019-05-18 16:11,46.011395,-72.733116,1027370,688.599976,54.393242,8
2019-05-18 16:11,46.011395,-72.733116,1027428,688.599976,54.393242,8
2019-05-18 16:11,46.011395,-72.733116,1027311,688.599976,58.097240,8
2019-05-18 16:11,46.011395,-72.733116,1027370,688.599976,54.393242,8
2019-05-18 16:11,46.011395,-72.733116,1027428,688.599976,54.393242,8
2019-05-18 16:11,46.011433,-72.733223,1027486,691.299988,54.393242,8
2019-05-18 16:11,46.011433,-72.733223,1027545,691.299988,53.430199,8
2019-05-18 16:11,46.011433,-72.733223,1027603,691.299988,53.430199,8
2019-05-18 16:11,46.011463,-72.733170,1027661,689.200012,53.430199,8
2019-05-18 16:11,46.011463,-72.733170,1027720,689.200012,53.430199,8
2019-05-18 16:11,46.011463,-72.733170,1027778,689.200012,52.985718,8
2019-05-18 16:11,46.011463,-72.733170,1027836,689.200012,52.985718,8
2019-05-18 16:11,46.011456,-72.733162,1027912,683.500000,52.985718,8
2019-05-18 16:11,46.011456,-72.733162,1027953,683.500000,52.985718,8
2019-05-18 16:11,46.011456,-72.733162,1028011,683.500000,52.985718,8
2019-05-18 16:11,46.011478,-72.733124,1028070,680.200012,52.985718,8
2019-05-18 16:11,46.011478,-72.733124,1028128,680.200012,50.930000,8
2019-05-18 16:11,46.011478,-72.733124,1028186,680.200012,50.930000,8
2019-05-18 16:11,46.011478,-72.733124,1028245,680.200012,50.930000,8
2019-05-18 16:11,46.011478,-72.733124,1028070,680.200012,52.985718,8
2019-05-18 16:11,46.011478,-72.733124,1028128,680.200012,50.930000,8
2019-05-18 16:11,46.011478,-72.733124,1028186,680.200012,50.930000,8
2019-05-18 16:11,46.011478,-72.733124,1028245,680.200012,50.930000,8
2019-05-18 16:11,46.011478,-72.733124,1028070,680.200012,52.985718,8
2019-05-18 16:11,46.011478,-72.733124,1028128,680.200012,50.930000,8
2019-05-18 16:11,46.011478,-72.733124,1028186,680.200012,50.930000,8
2019-05-18 16:11,46.011478,-72.733124,1028245,680.200012,50.930000,8
2019-05-18 16:11,46.011841,-72.732872,1029470,653.200012,51.467079,6
2019-05-18 16:11,46.011841,-72.732872,1029528,653.200012,51.578197,6
2019-05-18 16:11,46.011841,-72.732872,1029586,653.200012,51.578197,6
2019-05-18 16:11,46.011841,-72.732872,1029470,653.200012,51.467079,6
2019-05-18 16:11,46.011841,-72.732872,1029528,653.200012,51.578197,6
2019-05-18 16:11,46.011841,-72.732872,1029586,653.200012,51.578197,6
2019-05-18 16:11,46.012104,-72.732620,1030986,656.299988,52.967201,2
2019-05-18 16:11,46.012131,-72.732590,1031045,656.400024,52.967201,2
2019-05-18 16:11,46.012131,-72.732590,1031103,656.400024,52.967201,2
2019-05-18 16:11,46.012199,-72.732498,1032328,655.900024,52.967201,1
2019-05-18 16:11,46.012199,-72.732498,1032386,655.900024,52.967201,1
2019-05-18 16:11,46.012199,-72.732498,1032445,655.900024,52.967201,1
2019-05-18 16:11,46.012199,-72.732498,1032503,655.900024,52.967201,1
2019-05-18 16:11,46.012199,-72.732498,1033320,655.900024,52.967201,6
2019-05-18 16:11,46.012199,-72.732498,1033378,655.900024,52.967201,6
2019-05-18 16:11,46.012199,-72.732498,1033436,655.900024,52.967201,9
2019-05-18 16:11,46.012199,-72.732498,1033495,655.900024,52.967201,9
2019-05-18 16:11,46.009548,-72.735092,1034638,66.800003,3.426200,9
2019-05-18 16:11,46.009552,-72.735092,1034695,63.700001,3.426200,9
2019-05-18 16:11,46.009552,-72.735092,1034751,63.700001,2.759480,9
2019-05-18 16:11,46.009552,-72.735092,1034807,63.700001,2.759480,9
2019-05-18 16:11,46.009548,-72.735115,1035988,56.299999,1.148240,9
2019-05-18 16:11,46.009548,-72.735115,1036045,56.299999,1.148240,9
2019-05-18 16:11,46.009548,-72.735123,1036101,54.900002,1.148240,9
2019-05-18 16:11,46.009548,-72.735115,1035988,56.299999,1.148240,9
2019-05-18 16:11,46.009548,-72.735115,1036045,56.299999,1.148240,9
2019-05-18 16:11,46.009548,-72.735123,1036101,54.900002,1.148240,9
2019-05-18 16:11,46.009548,-72.735123,1036270,54.000000,0.277800,9
2019-05-18 16:11,46.009548,-72.735123,1036326,54.000000,0.148160,9
2019-05-18 16:11,46.009548,-72.735123,1036382,54.000000,0.148160,9
2019-05-18 16:11,46.009552,-72.735130,1037563,49.400002,0.407440,9
2019-05-18 16:11,46.009552,-72.735130,1037620,49.400002,0.407440,9
2019-05-18 16:11,46.009548,-72.735130,1037676,48.799999,0.407440,9
2019-05-18 16:11,46.009548,-72.735130,1037732,48.799999,0.166680,9
2019-05-18 16:11,46.009552,-72.735130,1037563,49.400002,0.407440,9
2019-05-18 16:11,46.009552,-72.735130,1037620,49.400002,0.407440,9
2019-05-18 16:11,46.009548,-72.735130,1037676,48.799999,0.407440,9
2019-05-18 16:11,46.009548,-72.735130,1037732,48.799999,0.166680,9
2019-05-18 16:11,46.009544,-72.735130,1038463,46.299999,0.444480,9
2019-05-18 16:11,46.009544,-72.735130,1038520,46.299999,0.444480,9
2019-05-18 16:11,46.009544,-72.735130,1038576,46.299999,0.129640,9
2019-05-18 16:11,46.009544,-72.735130,1038463,46.299999,0.444480,9
2019-05-18 16:11,46.009544,-72.735130,1038520,46.299999,0.444480,9
2019-05-18 16:11,46.009544,-72.735130,1038576,46.299999,0.129640,9
2019-05-18 16:11,46.009544,-72.735130,1039701,44.799999,0.074080,9
2019-05-18 16:11,46.009544,-72.735130,1039757,44.799999,0.092600,9
2019-05-18 16:11,46.009544,-72.735130,1039813,44.799999,0.092600,9
2019-05-18 16:11,46.009544,-72.735130,1039870,44.700001,0.092600,9
2019-05-18 16:11,46.009544,-72.735130,1039701,44.799999,0.074080,9
2019-05-18 16:11,46.009544,-72.735130,1039757,44.799999,0.092600,9
2019-05-18 16:11,46.009544,-72.735130,1039813,44.799999,0.092600,9
2019-05-18 16:11,46.009544,-72.735130,1039870,44.700001,0.092600,9
2019-05-18 16:11,46.009548,-72.735138,1040657,44.599998,0.000000,9
2019-05-18 16:11,46.009548,-72.735138,1040713,44.599998,0.000000,9
2019-05-18 16:11,46.009548,-72.735138,1040770,44.599998,0.000000,9
2019-05-18 16:11,46.009548,-72.735138,1040826,44.599998,0.000000,9
2019-05-18 16:11,46.009548,-72.735138,1041951,44.599998,0.018520,9
2019-05-18 16:11,46.009548,-72.735138,1042007,44.599998,0.018520,9
2019-05-18 16:11,46.009548,-72.735138,1042063,44.599998,0.018520,9
2019-05-18 16:11,46.009548,-72.735138,1042120,44.599998,0.018520,9
2019-05-18 16:11,46.009548,-72.735138,1043245,44.599998,0.018520,9
2019-05-18 16:11,46.009548,-72.735138,1043301,44.599998,0.018520,9
2019-05-18 16:11,46.009548,-72.735138,1043357,44.599998,0.018520,9
2019-05-18 16:11,46.009548,-72.735138,1043413,44.599998,0.018520,9
2019-05-18 16:11,46.009548,-72.735138,1044763,44.500000,0.018520,9
2019-05-18 16:11,46.009548,-72.735138,1044820,44.500000,0.018520,9
2019-05-18 16:11,46.009548,-72.735138,1044876,44.500000,0.018520,9
2019-05-18 16:11,46.009548,-72.735138,1044763,44.500000,0.018520,9
2019-05-18 16:11,46.009548,-72.735138,1044820,44.500000,0.018520,9
2019-05-18 16:11,46.009548,-72.735138,1044876,44.500000,0.018520,9
2019-05-18 16:11,46.009548,-72.735138,1045607,44.500000,0.000000,9
2019-05-18 16:11,46.009548,-72.735138,1045663,44.500000,0.000000,9
2019-05-18 16:11,46.009548,-72.735138,1045720,44.500000,0.000000,9
2019-05-18 16:11,46.009548,-72.735138,1045776,44.500000,0.000000,9
2019-05-18 16:11,46.009548,-72.735138,1045607,44.500000,0.000000,9
2019-05-18 16:11,46.009548,-72.735138,1045663,44.500000,0.000000,9
2019-05-18 16:11,46.009548,-72.735138,1045720,44.500000,0.000000,9
2019-05-18 16:11,46.009548,-72.735138,1045776,44.500000,0.000000,9
2019-05-18 16:11,46.009548,-72.735138,1045607,44.500000,0.000000,9
2019-05-18 16:11,46.009548,-72.735138,1045663,44.500000,0.000000,9
2019-05-18 16:11,46.009548,-72.735138,1045720,44.500000,0.000000,9
2019-05-18 16:11,46.009548,-72.735138,1045776,44.500000,0.000000,9
2019-05-18 16:11,46.009548,-72.735138,1046957,44.500000,0.018520,9
2019-05-18 16:11,46.009548,-72.735138,1047013,44.500000,0.018520,9
2019-05-18 16:11,46.009548,-72.735138,1047070,44.500000,0.018520,9
2019-05-18 16:11,46.009548,-72.735138,1046957,44.500000,0.018520,9
2019-05-18 16:11,46.009548,-72.735138,1047013,44.500000,0.018520,9
2019-05-18 16:11,46.009548,-72.735138,1047070,44.500000,0.018520,9
2019-05-18 16:11,46.009548,-72.735138,1047126,44.500000,0.0120,9
2019-05-18 16:11,46.009548,-72.735138,1048286,44.500000,0.018520,9
2019-05-18 16:11,46.009548,-72.735138,1048342,44.500000,0.018520,9
2019-05-18 16:11,46.009548,-72.735138,1048398,44.500000,0.018520,9
2019-05-18 16:11,46.009548,-72.735138,1048455,44.500000,0.018520,9
2019-05-18 16:11,46.009548,-72.735138,1048286,44.500000,0.018520,9
2019-05-18 16:11,46.009548,-72.735138,1048342,44.500000,0.018520,9
2019-05-18 16:11,46.009548,-72.735138,1048398,44.500000,0.018520,9
2019-05-18 16:11,46.009548,-72.735138,1048455,44.500000,0.018520,9
2019-05-18 16:11,46.009548,-72.735138,1048905,44.500000,0.018520,9
2019-05-18 16:11,46.009548,-72.735138,1048961,44.500000,0.018520,9
2019-05-18 16:12,46.009548,-72.735138,1049017,44.500000,0.018520,9
2019-05-18 16:12,46.009548,-72.735138,1050311,44.500000,0.018520,9
2019-05-18 16:12,46.009548,-72.735138,1050367,44.500000,0.018520,9
2019-05-18 16:12,46.009548,-72.735138,1050423,44.500000,0.018520,9
2019-05-18 16:12,46.009548,-72.735138,1050480,44.500000,0.018520,9
2019-05-18 16:12,46.009548,-72.735138,1050311,44.500000,0.018520,9
2019-05-18 16:12,46.009548,-72.735138,1050367,44.500000,0.018520,9
2019-05-18 16:12,46.009548,-72.735138,1050423,44.500000,0.018520,9
2019-05-18 16:12,46.009548,-72.735138,1050480,44.500000,0.018520,9
2019-05-18 16:12,46.009548,-72.735138,1051717,44.500000,0.018520,9
2019-05-18 16:12,46.009548,-72.735138,1051773,44.500000,0.018520,9
2019-05-18 16:12,46.009548,-72.735138,1051830,44.500000,0.018520,9
2019-05-18 16:12,46.009548,-72.735138,1051886,44.500000,0.018520,9
2019-05-18 16:12,46.009548,-72.735138,1051717,44.500000,0.018520,9
2019-05-18 16:12,46.009548,-72.735138,1051773,44.500000,0.018520,9
2019-05-18 16:12,46.009548,-72.735138,1051830,44.500000,0.018520,9
2019-05-18 16:12,46.009548,-72.735138,1051886,44.500000,0.018520,9
2019-05-18 16:12,46.009548,-72.735138,1053180,44.500000,0.000000,9
2019-05-18 16:12,46.009548,-72.735138,1053236,44.500000,0.000000,9
2019-05-18 16:12,46.009548,-72.735138,1053292,44.500000,0.000000,9
2019-05-18 16:12,46.009548,-72.735138,1053180,44.500000,0.000000,9
2019-05-18 16:12,46.009548,-72.735138,1053236,44.500000,0.000000,9
2019-05-18 16:12,46.009548,-72.735138,1053292,44.500000,0.000000,9
2019-05-18 16:12,46.009548,-72.735138,1054530,44.400002,0.018520,9
2019-05-18 16:12,46.009548,-72.735138,1054586,44.400002,0.018520,9
2019-05-18 16:12,46.009548,-72.735138,1054642,44.400002,0.018520,9
2019-05-18 16:12,46.009548,-72.735138,1054698,44.400002,0.018520,9
2019-05-18 16:12,46.009548,-72.735138,1055992,44.400002,0.000000,9
2019-05-18 16:12,46.009548,-72.735138,1056048,44.400002,0.000000,9
2019-05-18 16:12,46.009548,-72.735138,1056105,44.400002,0.000000,9
2019-05-18 16:12,46.009548,-72.735138,1057511,44.400002,0.000000,9
2019-05-18 16:12,46.009548,-72.735138,1057567,44.400002,0.000000,9
2019-05-18 16:12,46.009548,-72.735138,1057623,44.400002,0.000000,9
2019-05-18 16:12,46.009548,-72.735138,1057680,44.400002,0.000000,9
2019-05-18 16:12,46.009548,-72.735138,1057792,44.400002,0.000000,9
2019-05-18 16:12,46.009548,-72.735138,1057848,44.400002,0.000000,9
2019-05-18 16:12,46.009548,-72.735138,1057905,44.400002,0.000000,9
2019-05-18 16:12,46.009548,-72.735138,1057961,44.400002,0.000000,9
2019-05-18 16:12,46.009548,-72.735138,1057792,44.400002,0.000000,9
2019-05-18 16:12,46.009548,-72.735138,1057848,44.400002,0.000000,9
2019-05-18 16:12,46.009548,-72.735138,1057905,44.400002,0.000000,9
2019-05-18 16:12,46.009548,-72.735138,1057961,44.400002,0.000000,9
2019-05-18 16:12,46.009548,-72.735138,1057792,44.400002,0.000000,9
2019-05-18 16:12,46.009548,-72.735138,1057848,44.400002,0.000000,9
2019-05-18 16:12,46.009548,-72.735138,1057905,44.400002,0.000000,9
2019-05-18 16:12,46.009548,-72.735138,1057961,44.400002,0.000000,9
2019-05-18 16:12,46.009548,-72.735138,1058580,44.400002,0.000000,9
2019-05-18 16:12,46.009548,-72.735138,1058636,44.400002,0.000000,9
2019-05-18 16:12,46.009548,-72.735138,1058692,44.400002,0.000000,9
2019-05-18 16:12,46.009548,-72.735138,1058748,44.400002,0.000000,9
2019-05-18 16:12,46.009548,-72.735138,1058580,44.400002,0.000000,9
2019-05-18 16:12,46.009548,-72.735138,1058636,44.400002,0.000000,9
2019-05-18 16:12,46.009548,-72.735138,1058692,44.400002,0.000000,9
2019-05-18 16:12,46.009548,-72.735138,1058748,44.400002,0.000000,9
2019-05-18 16:12,46.009548,-72.735138,1059930,44.400002,0.111120,9
2019-05-18 16:12,46.009548,-72.735138,1059986,44.400002,0.111120,9
2019-05-18 16:12,46.009548,-72.735138,1060042,44.400002,0.111120,9
2019-05-18 16:12,46.009548,-72.735138,1060098,44.400002,0.111120,9
2019-05-18 16:12,46.009548,-72.735138,1059930,44.400002,0.111120,9
2019-05-18 16:12,46.009548,-72.735138,1059986,44.400002,0.111120,9
2019-05-18 16:12,46.009548,-72.735138,1060042,44.400002,0.111120,9
2019-05-18 16:12,46.009548,-72.735138,1060098,44.400002,0.111120,9
2019-05-18 16:12,46.009548,-72.735138,1059930,44.400002,0.111120,9
2019-05-18 16:12,46.009548,-72.735138,1059986,44.400002,0.111120,9
2019-05-18 16:12,46.009548,-72.735138,1060042,44.400002,0.111120,9
2019-05-18 16:12,46.009548,-72.735138,1060098,44.400002,0.111120,9
2019-05-18 16:12,46.009548,-72.735138,1059930,44.400002,0.111120,9
2019-05-18 16:12,46.009548,-72.735138,1059986,44.400002,0.111120,9
2019-05-18 16:12,46.009548,-72.735138,1060042,44.400002,0.111120,9
2019-05-18 16:12,46.009548,-72.735138,1060098,44.400002,0.111120,9
2019-05-18 16:12,46.009548,-72.735138,1061223,44.400002,0.018520,9
2019-05-18 16:12,46.009548,-72.735138,1061280,44.400002,0.018520,9
2019-05-18 16:12,46.009548,-72.735138,1061336,44.400002,0.018520,9
2019-05-18 16:12,46.009548,-72.735138,1061392,44.400002,0.018520,9
2019-05-18 16:12,46.009548,-72.735138,1062405,44.299999,0.018520,9
2019-05-18 16:12,46.009548,-72.735138,1062461,44.299999,0.018520,9
2019-05-18 16:12,46.009548,-72.735138,1062517,44.299999,0.018520,9
2019-05-18 16:12,46.009548,-72.735138,1062573,44.299999,0.018520,9
2019-05-18 16:12,46.009548,-72.735138,1063811,44.299999,0.092600,9
2019-05-18 16:12,46.009548,-72.735138,1063867,44.299999,0.092600,9
2019-05-18 16:12,46.009548,-72.735138,1063923,44.299999,0.074080,9
2019-05-18 16:12,46.009548,-72.735138,1063980,44.299999,0.074080,9
2019-05-18 16:12,46.009548,-72.735138,1063811,44.299999,0.092600,9
2019-05-18 16:12,46.009548,-72.735138,1063867,44.299999,0.092600,9
2019-05-18 16:12,46.009548,-72.735138,1063923,44.299999,0.074080,9
2019-05-18 16:12,46.009548,-72.735138,1063980,44.299999,0.074080,9
2019-05-18 16:12,46.009548,-72.735138,1064092,44.299999,0.074080,9
2019-05-18 16:12,46.009548,-72.735138,1064148,44.299999,0.055560,9
2019-05-18 16:12,46.009548,-72.735138,1064205,44.299999,0.055560,9
2019-05-18 16:12,46.009548,-72.735138,1064261,44.299999,0.055560,9
2019-05-18 16:12,46.009548,-72.735138,1065386,44.299999,0.037040,9
2019-05-18 16:12,46.009548,-72.735138,1065442,44.299999,0.037040,9
2019-05-18 16:12,46.009548,-72.735138,1065498,44.299999,0.037040,9
2019-05-18 16:12,46.009548,-72.735138,1065555,44.299999,0.055560,9
2019-05-18 16:12,46.009548,-72.735138,1065386,44.299999,0.037040,9
2019-05-18 16:12,46.009548,-72.735138,1065442,44.299999,0.037040,9
2019-05-18 16:12,46.009548,-72.735138,1065498,44.299999,0.037040,9
2019-05-18 16:12,46.009548,-72.735138,1065555,44.299999,0.055560,9
2019-05-18 16:12,46.009548,-72.735138,1066792,44.299999,0.092600,9
2019-05-18 16:12,46.009548,-72.735138,1066848,44.299999,0.092600,9
2019-05-18 16:12,46.009548,-72.735138,1066905,44.299999,0.092600,9
2019-05-18 16:12,46.009548,-72.735138,1066961,44.299999,0.074080,9
